"isbn","audio_file","author","created","date_of_publication","description_long","description_short","image_large","image_original","image_small","modified","review","source","table_of_contents","title"
"9788202614324","files/audio/mp3/4/2/9788202614324.mp3","","2021-05-08T19:58:01.920490Z","","Den dagen eiendomsmegleren Annie O'Sullivan blir bortført, har hun tre mål: å selge et hus, å glemme en krangel hun nettopp har hatt med moren, og å komme tidsnok til middagsavtalen med sin tålmodige kjæreste. Visningen går tregt, men da en mann dukker opp idet hun er i ferd med å låse seg ut, tror Annie at det kanskje kan bli en fin dag likevel. Men ingenting er lengre fra sannheten. For i stedet begynner et mareritt med daglige fysiske og psykiske overgrep i en hytte langt inne i fjellet. Fortsatt savnet er i USA kåret til beste debutant 2010, en av fjorårets beste thrillere av Kirkus Review, ble nominert til Good Read Choice Award 2010 og er blitt anbefalt av Oprah Magazine.","","files/images/large/4/2/9788202614324.jpg","files/images/original/4/2/9788202614324.jpg","files/images/small/4/2/9788202614324.jpg","2021-10-26T01:04:19.940787Z","","BOKBASEN","",""
"9783531924298","","","2021-05-08T15:43:38.181068Z","20140523","","","files/images/large/8/9/9783531924298.jpg","","files/images/small/8/9/9783531924298.jpg","2021-05-16T06:31:25.748384Z","","BIBSYS","","Konstruierte Normalitnten Normale Abweichungen"
"0789033437","","","2021-05-08T18:04:44.640796Z","","""Impact of Substance Abuse on Children and Families"" addresses the growing concern over children at risk of developing physical and mental health problems because of their parents' additions to alcohol and other drugs (AOD), including a chapter on thetroubling increase of methamphetamine abuse by parents. The book's contributors examine current research findings from the United States, Australia, Ireland and Israel to provide much-need insight into the effects of addiction on family dynamics, parental attachment styles and family characteristics. The book also looks at the impact of addiction on school-aged children and on mothers in residential treatment with their children, survey assessment instruments and treatment outcomes and the value ofStudent Assistance Services for older children.","","","","files/images/small/7/3/0789033437.jpg","2021-05-16T00:22:13.934306Z","","NIELSEN","","Impact of Substance Abuse on Children and Families"
"1402010575","","","2021-05-08T10:12:34.174613Z","coop. 2002","The twenty chapters in this book all focus on aspects of mathematical beliefs, from a variety of different perspectives. Current knowledge of the field is synthesized and existing boundaries are extended. The book is divided into three, partly overlapping, sections. The first concentrates on conceptualizations and measurement of beliefs, the second on research about teachers' beliefs, and the third on facets of students' beliefs about mathematics. A diversity of instruments is used for data collection, including surveys, interviews, observations, and essay writing, as well as more innovative approaches. The volume is intended for researchers in the fleld, as well as for mathematics educators teaching the next generation of students. The book is also useful for those working in other subject disciplines, since many of the themes explored have relevance well beyond mathematics education.","Focuses on aspects of mathematical beliefs, from a variety of different perspectives. This book is divided into three sections. The first concentrates on conceptualizations and measurement of beliefs, the second on research about teachers' beliefs, and the third on facets of students' beliefs about mathematics.","","","files/images/small/5/7/1402010575.jpg","2021-05-15T21:29:21.051686Z","","NIELSEN"," From the contents:Tables and Figures * Acknowledgements * Contributors * Part 1
<br> Beliefs: Conceptualization and Measurement * Part 2
<br> Teacher's Beliefs * Part 3
<br> Students'Beliefs * Index
<br>
<br>","Beliefs: a Hidden Variable in Mathematics Education?"
"9780471643852","","","2021-05-08T03:53:07.272363Z","1999","A fresh perspective on the HR function, High Performance HR challenges the traditional view of HR as a service function and replaces it with a new vision of HR as an internal business accountable for the return on investment of essential corporate assets-people and organizational processes. High Performance HR not only challenges HR's traditional role, but also provides practical strategies for leveraging HR's role, priorities, accountabilities, and organizational design. Get your copy today!","A fresh perspective on the HR function, High Performance HR challenges the traditional view of HR as a service function and replaces it with a new vision of HR as an internal business accountable for the return on investment of essential corporate assets-people and organizational processes.","files/images/large/2/5/9780471643852.jpg","","files/images/small/2/5/9780471643852.jpg","2021-06-01T07:44:45.932863Z","","NIELSEN","PREFACE. ACKNOWLEDGMENTS. PART ONE: The Challenge. CHAPTER ONE: The Irish Elk. The Focus for HR's Transformation. The Growth Curve. Phase One-- The Start-up Phase. Phase Two-- The Growth Phase. Phase Three-- The Mature Phase. Respond to Company Risk with HR Professional Discipline. Summary CHAPTER TWO:  An HR Business within a Business. Business and Organizations. Becoming an HR Business within a Business. Align HR To Deliver Value to the External Customer. Redefining HR's Internal Client Relationships. All Roads Lead to the External Customer. Summary. CHAPTER THREE: The Discipline of Abandonment. Why Disciplined Abandonment Is Important. Leadership and Abandonment. Abandonment and Removing ""Noise"" from the System. People, Organizational, and Business Processes. An Exercise in Abandonment. Three Kinds of Abandonment for HR. The Discipline of the ""Tie Goes to the Runner"" in Abandonment. Life After Abandonment. Summary. PART TWO: People And Organizational Processes. CHAPTER FOUR: Core People Processes. The ""Hatch"" People Processes. The ""Match"" People Processes. Performance Development. Compensation and Recognition. Employee Services. The ""Dispatch"" People Processes. Delivering Core and Strategic Process Outcomes. Summary. CHAPTER FIVE: Organizational Value-Add. T: Technology as an Enabler to Allow Many of the New HR Activities to Occur. L: Learning-- Building a Continuous Learning Environment. C: Consulting to Enhance Organizational Performance. A Final Note on Organizational Value-Add Processes. Summary. PART THREE: Strategic Business Processes. CHAPTER SIX: Business Transformation: An Overview. Choosing the Priority Risks and Opportunities. HR Professional Must Be Strategic Partners to Deliver the Business Transformation. Two Contrasting Examples of HR's Potential Role in Business Transformation. The Next Four Chapters. Summary. CHAPTER SEVEN: Cultivate a Flexible Culture. How to Cultivate a Flexible Culture. Create and Live the Shared Values. Develop Leaders Who Inspire Shared Meaning in the Work. Foster Organizational Elasticity. Insure Rewards and Recognition Support the Flexible Culture. Human Resources Enables the Flexible Culture. Summary. CHAPTER EIGHT: Champion Strategic Alignment. The Five Areas of Strategic Alignment. 1. Alignment to the Vision of the Company. 2. Alignment with Other Strategic Teams and Changes within the Company. 3. Alignment to the Customer's Needs. 4. Alignment with Preferred Suppliers. 5. Internal Alignment within the Strategic Team. How to Fail at Strategic Alignment. HR Measures 360 Alignment. Human Resources Models Strategic Alignment. Summary. CHAPTER NINE: Implement Change and Transition. Change and Transition. The Process of Implementing Change and Transition. Element #1: Understand Competitive Forces and Customer Value. Element #2: Select Change Leaders and Define Accountabilities. Element #3: Identify the Preferred Future and the Urgency for the Change. Element #4: Engage Key Stakeholders and Identify Their Interests. Element #5: Plan the Change in Detail and Anticipate Contingencies. Element #6: Roll-Out: Communicate, Train and Help People Adjust to Gain Commitment to the Change. Element #7: Roll-In: Implement the Change and Make It Business As Usual. Element #8: Roll-On: Measure Results, Share Learnings and Continuously Improve. HR Applies the Implementing Change and Transition Process to Its Own Changes. Summary. CHAPTER TEN: Insure a Return on Investment in Human Capital. The Strategic Value of the Return on Investment in Human Capital. Identifying a Metric of Human Capital. Calculating the Investment Made in Human Capital. Implications of RIHC for the HR ""People and Organizational Processes"". The Assessment of the RIHC for Performance Development. HR Prepares Dynamic Reports on the Return on Investment in Human Capital. The HR Competencies Needed to Support RIHC Analysis. Benefits for HR When It Takes Accountability for RIHC. Barriers for HR in Leading the RIHC Business Transformation. Summary. PART FOUR: The Way Forward. CHAPTER ELEVEN: HR Structure, Roles, and Relationships. An Approach to Organizational Structure for HR. Roles and Relationships for the HR Strategic Partners. Roles and Relationships for the HR Process Owners. Roles and Relationships for the HR Strategy Council. Summary. CHAPTER TWELVE: The Solution after Next: Integrating Internal Service Businesses. Five Levels of Integrating Internal Service Businesses. Level 1-- Shared Learnings among Internal Service Businesses. Level 2-- Integration through Joint Planning and Project Management. Level 3-- Integration through Common Processes and Approaches but Still Operating Separately. Level 4-- Integration through Collaborative Work for Specific Initiatives. Level 5-- Structural Integration of Internal Service Businesses. The Extent to Which Internal Service Businesses Can Be Integrated. Epilogue: High Performance HR Professionals Lead the Transformation. Summary. APPENDIX: An Interview with Dr. David Weiss. A COMPREHENSIVE READING LIST FOR HR PROFESSIONALS. INDEX.","High Performance HR: Leveraging Human Resources for Competitive Advantage"
"1612518044","","","2021-05-10T03:06:39.719968Z","2015","""Airpower Reborn"" offers a conceptual approach to warfare that emphasizes airpower's unique capability to achieve strategic effects. Six world-leading theorists argue that a viable strategy must transcend the purely military sphere, view the adversaryas a multi-dimensional system, and pursue systemic paralysis and strategic effects rather than military destruction or attrition. The book is divided into three parts. The first section presents a historical perspective on airpower theory and airpowerstrategy, tracing their evolution from the 1920s to the 1980s. The second section contains in-depth examinations of the strategic concepts that John R. Boyd and John A. Warden developed in the 1980s and 1990s, with an emphasis on their contemporary relevance. The final section provides further context on modern airpower theory and strategy. Theory, in this setting, serves as the basic paradigm, strategy represents its generic, mechanisms-centered application, and plans of campaign constitute the specific steps for any given situation. In short, the authors look beyond the land-centric, battlefield-oriented paradigm that has continued to dominate military theories and strategies long after airpower offered new options. The book acknowledges the essential role of advanced technology in improving airpower capabilities, but emphasizes that air services must cultivate and harness the intellectual acumen of airmen and encourage officers and men to think conceptually and strategically about the application of aerospace power. Modern airpower can offer political decision-makers more and better options--provided the underlying strategy coherently links the application of airpower directly to the end-state objectives rather than limiting it to ""the battle."" The book recommends that all countries should consider establishing a dynamic and vibrant environment for mastering aerospace history, theory, strategy, and doctrine; a milieu for cultivating broader knowledge of and insight into airpower; anda setting in which airpower experts have the opportunity to communicate their narrative to politicians, the media, and fellow officers, and to interact to mutual benefit with experts from all sectors of governance. This effort should emphasize the potentially unique contribution of airpower to political objectives and joint operations, and in turn connect to operational headquarters that do operational planning. Mastering such strategic thought lies at the heart of the military profession, but it requires in-depth knowledge and understanding of theory, strategy, and airpower, and transcends traditional metrics.","","","","","2021-05-15T10:14:41.012666Z","","NIELSEN","",""
"3540786465","","","2021-10-18T01:34:19.832341Z","","","","files/images/large/5/6/3540786465.jpg","","","","","NIELSEN","","Advances in Information Retrieval 30th European Conference on IR Research, ECIR 2008, Glasgow, UK, March 30 -- April 3, 2008 /"
"9780849331121","","","2021-05-08T09:52:25.006626Z","1999","Gerontological research is currently of great interest due to ever-increasing longevity of human life spans. Created to provide researchers and scientists with the technical methods essential to their work, Methods in Aging Research is a practical bench-top guide for everyone who plans, designs, or conducts research in aging. It highlights experimental procedures that are key to the investigation of the biological aging phenomena.<br />Methods in Aging Research is a state-of-the-art reference that offers the most direct and clear cut descriptions available of methodological procedures used  in aging research. Methods and protocols are critically evaluated and the advantages and disadvantages of each technique are explored. More than 70 expert contributors from around the world share their combined knowledge on a broad range of topics essential to everyone involved in cultivating and developing the gerontological research frontier.","A practical reference guide, this work offers descriptions of methodological procedures used in ageing research. Methods and protocols are critically evaluated and the advantages and disadvantages of each technique are explored.","files/images/large/1/2/9780849331121.jpg","","files/images/small/1/2/9780849331121.jpg","2021-06-03T22:11:36.444906Z","","NIELSEN","General Theoretical Approaches to Aging Research<br />Population Study of Mortality and Longevity with Gompertzian Analysis, J.R. Carey<br />Design of Cross-Sectional, Longitudinal, and Sequential Studies in Gerontology, D. Ingram<br />Mathematical and Computational Tools for Gerontological Research, T.M. Witten<br />Experimental In Vitro Models in Aging Research<br />Use of the Fibroblast Model, V.J. Cristofalo, M. Tresini, C. Volker, and  M.K. Francis <br />Electrophysiological Assessment of Aged<br /> Hippocampus In Vivo and In Vitro, G.M. Rose, K.L. Heman, G.K. Payapali, and D.A. Turner<br />Using Drosophilia in Experimental Aging Research, R. Arking and R.C. Woodruff<br />Experimentation with Nematodes, A.Z. Reznick and D. Gershon<br />Experimentation with Yeast Model, S. Kim, P.A. Kirchman, A. Benguria, and S.M. Jazwinski<br />Vertebrate Models in Aging Research<br />Long-Term Housing of Rodents Under Specific Pathogen-Free Barrier Conditions, R.W. Hart, S.M. Lewis, B. Leard, and A. Turturro<br />Choice of Rodent Model for Aging Research, E.J. Masoro<br />Aging Experiments Using Non-Human Primates, R. Colman and J.W. Keminitz<br />Methods of Assessing Aging Processes<br />Dietary Restriction, H.A. Bertrand, J.T. Herlihy, Y. Ikeno, and B.P. Yu<br />Study Design for Nutritional Assessments in the Elderly, H. Payette, Y. Guigoz, and B.J. Vellas<br />Exercise, L.L. Ji and M.T. Gore<br />Changes in Neurotransmitter Exocytosis: A Target for Regulation During Aging, H.Y. Wang, D.L. Snyder, J. Roberts, and E. Friedman<br />Pathological Analysis in Aging Research, G.B. Hubbard and Y. Ikeno<br />Molecular and Evolutionary Probes of Senescence Alterations<br />Transgenic Manipulation of the Mouse Genome, C.A. Walter<br />Telomeres and Replicative Senescence, R.C. Allsopp, S.S. Wang, N.W. Kim, and C. B.Harley<br />Evolutionary Approaches to Probing Aging Mechanisms, S.N. Austad and D.J. Holmes<br />Apoptosis and Programmed Cell Death, I.D. Bowen<br />Mitochondrial DNA Deletions, M.N. Gadaleta, A.M.S. Lezza, and P. Cantatore<br />Techniques for Exploring Age-Related Intra- and Subcellular Changes<br />Intracellular Signal Transduction Pathways Involved in Hepatocyte DNA Synthesis Following Growth Factor Stimulation, Y. Liu,, N.J. Holbrook, G.C. Kokkonen, S. Kitano, and G.S. Roth<br />Measurements of Mitochondrial Oxygen Radical Production, G. Barja<br />Methods for the Study of Immune Cells in Aging, G. Fernandes<br />Techniques for Assessing Age-Related Oxidative Modification<br />Techniques for Assessing Age-Related Oxidative Modification, M. Matsuo and T. Kaneko<br />Measurement of Oxidative DNA Damage Using the Technique of Gas Chromatography-Mass Spectrometry, M. Dizdaroglu<br />A Transgenic Mouse Model for Studying Mutations In Vivo, J. Vijg, M.E.T. Dolle, and M.E.T.I. Boerrigter<br />Protein Oxidation, P.E. Starke-Reed<br />Glycation, Glycoxidation, and Other Maillard Reaction Products, V.M. Monnier, J.F. Fogarty, and D.R. Sell","Methods in Aging Research"
"1280688777","","","2021-08-10T07:52:02.510683Z","","","","","","","","","NIELSEN","","Critical Survey of Short Fiction : British, Irish and Commonwealth writers"
"0511708009","","","2021-05-07T21:05:23.779529Z","2010","M. R. James (1862-1936) is probably best remembered as a writer of chilling ghost stories, but he was an outstanding scholar of medieval literature and palaeography, who served both as Provost of King's College, Cambridge, and as Director of the Fitzwilliam Museum, and many of his stories reflect his academic background. His detailed descriptive catalogues of manuscripts owned by colleges, cathedrals and museums are still of value to scholars today. This book, first published in 1900, lists about six hundred medieval manuscripts in the library at Lambeth Palace, most of them collected by Archbishop Bancroft (d. 1610). These were sent to Cambridge University Library during Cromwell's Protectorate, and returned to Lambeth Palace at the Restoration. Referring to several early inventories, James succeeds in tracing the ownership of many of the manuscripts back to English monastic houses dissolved at the Reformation including Durham Priory, Lanthony (near Gloucester), and Ely.","M. R. James' much-sought-after catalogue of the manuscript collection at Lambeth Palace.","","","","2021-05-15T06:30:45.770938Z","","NIELSEN"," The manuscripts in the library at Lambeth Palace
<br> Codices Lambethani
<br> Codices Carewani
<br> Codices Tenisoniani
<br> Codices Miscellanei
<br> Codices Manners-Suttoniani
<br> Additional note
<br> Indexes.
<br>
<br>",""
"9780199601714","","","2021-05-07T23:45:46.994438Z","2013","To consider comedy in its many incarnations is to raise diverse but related questions: what, for instance, is humour, and how may it be used (or abused)? When do we laugh, and why? What is it that writers and speakers enjoy - and risk - when they tell a joke, indulge in bathos, talk nonsense, or encourage irony? 

This Very Short Introduction explores comedy both as a literary genre, and as a range of non-literary phenomena, experiences and events. Matthew Bevis studies the classics of comic drama, prose fiction and poetry, alongside forms of pantomime, comic opera, silent cinema, popular music, Broadway shows, music-hall, stand-up and circus acts, rom-coms, sketch shows, sit-coms, caricatures, and cartoons. 

Taking in scenes from Aristophanes to The Office, from the Roman Saturnalia to Groundhog Day, Bevis also considers comic theory from Aristotle to Freud and beyond, tracing how comic achievements have resisted as well as confirmed theory across the ages.

This book takes comedy seriously without taking it solemnly, and offers an engaging study of the comic spirit which lies at the heart of our shared social and cultural life. 

ABOUT THE SERIES: The Very Short Introductions series from Oxford University Press contains hundreds of titles in almost every subject area. These pocket-sized books are the perfect way to get ahead in a new subject quickly. Our expert authors combine facts, analysis, perspective, new ideas, and enthusiasm to make interesting and challenging topics highly readable.","With a broad scope across the millennia, from high literature to popular culture, between page and stage and screen, this Very Short Introduction considers comedy not only as a literary genre, but also as a broader impulse at work in many other historical and contemporary forms of satire, parody, and play.","files/images/large/4/1/9780199601714.jpg","","files/images/small/4/1/9780199601714.jpg","2021-06-02T15:23:28.857306Z","","NIELSEN","Introduction ; 1. In the beginning... ; 2. In and out of character ; 3. Plotting mischief ; 4. Underdogs ; 5. Getting physical ; 6. Taking liberties ; 7. Beyond a joke ; 8. Endgames ; Conclusion","Comedy: A Very Short Introduction"
"0819566888","","","2021-05-08T09:25:44.233296Z","c2004","Samuel R. Delany is one of today's most interesting writers. African-American and gay, Delany crosses boundaries - generic (science fiction, memoir, theory, pornography) and academic (literary studies, cultural studies, African-American studies, gay and lesbian studies). Critics both black and white have read Delany as a writer who downplays his racial identity in order to aspire to universal values. In contrast, A Sense of Wonder shows how Delany's works participate in African-American cultural traditions.
<p></p>The book begins with an analysis of Delany's Dhalgren (1975), using the novel's links to black cultural traditions as the key to unlocking its puzzling content. Jeffrey Allen Tucker's reading of the four-volume Return to Neveryon series places Delany's explorations of semiotics in dialogue with Frederick Douglass's 1845 Narrative and social histories on slavery in America. From there, Tucker moves to Delany's ground-breaking autobiography, The Motion of Light in Water, his experimental novella Atlantis: Model, 1925, and to his pornographic novel, The Mad Man. Tucker's aim is to advance a reading of identity that acknowledges its multiplicity and permeability without emptying it of socio-political efficacy and meaning.","Samuel R. Delany is one of today's most interesting writers. 'A Sense of Wonder' shows how Delany's works participate in African American cultural traditions.","","","","2021-05-15T22:21:23.943776Z","","NIELSEN","","Sense of Wonder"
"9781847315373","","","2021-06-04T00:49:20.525Z","","","","files/images/large/3/7/9781847315373.jpg","","","","","NIELSEN","","Studies in the History of Tax Law, Volume 3"
"9783110944976","","","2021-05-06T21:08:09.976Z","2003","This monograph deals with linear integra Volterra equations of the first kind with variable upper and lower limits of integration. Volterra operators of this type are the basic operators for integral models of dynamic systems.","This monograph deals with linear integra Volterra equations of the first kind with variable upper and lower limits of integration. Volterra operators of this type are the basic operators for integral models of dynamic systems.","files/images/large/6/7/9783110944976.jpg","","","2021-06-04T10:38:01.224907Z","","NIELSEN","","Nonclassical Linear Volterra Equations of the First Kind"
"9780553840742","","","2021-05-06T21:51:48.579Z","","Dette er den andre romanen i en trilogi.","","","","","2021-05-15T07:04:27.003504Z","","BOKBASEN","","The twelve"
"8204086377","","","2021-05-08T10:54:21.134244Z","2003","På en morsom måte får barna vite om barndommen til både Kong Haakon og Dronning Maud, som begge var kongelig født. Bakgrunnen for hvorfor de kom til Norge etter unionsoppløsningen i 1905 er selvfølgelig med, men enda viktigere er morsomme historier fra deres dagligliv i Norge, som også inneholder litt om oppveksten til Kong Olav helt frem til hans bryllup med Märtha. Forfatteren loser oss igjennom Mauds død, krigsårene 1940-1945, og fram til Kong Haakons død - helt til slutt får vi med det nyeste skuddet på den norske kongelige stammen, som er oppkalt etter sin tippoldemor Maud!","På en morsom måte får barna vite om barndommen til både Kong Haakon og Dronning Maud, som begge var kongelig født. Bakgrunnen for hvorfor de kom til Norge etter unionsoppløsningen i 1905 er selvfølgelig med, men enda viktigere er morsomme historier fra deres dagligliv i Norge, som også inneholder litt om oppveksten til Kong Olav helt frem til hans bryllup med Märtha. Forfatteren loser oss igjennom Mauds død, krigsårene 1940-1945, og fram til Kong Haakons død - helt til slutt får vi med det nyeste skuddet på den norske kongelige stammen, som er oppkalt etter sin tippoldemor Maud!","","","","2021-05-15T19:10:39.318109Z","","BOKBASEN","","Haakon og Maud"
"9780415023306","","","2021-05-09T10:37:33.860254Z","19881215","","This book should be of interest to students of modern German lite rature, critical theory, modern drama and cultural studies.","","","","","","NIELSEN","","Postmodern Brecht: A Re-Presentation"
"9780786718993","","","2021-05-05T18:21:33.420Z","","Fear, and man's attempt to master it, is of eternal interest and just as significant today as when Moran, as a young medical officer, went to the trenches in 1914 to research the subject scientifically. He asked why a man can appear to be as brave asa lion one day and break the next and, crucially, ""what can be done to delay or prevent the using up of courage?"" First published in 1945, this early groundbreaking account of the psychological effects of war, recounted by means of vivid first-hand observation and anecdote, came at a time when shell-shock was equated with lack of moral fiber. In 1940, Moran became Churchill's doctor and his position as a one of history's most important war physicians was secured. His humane, considered observations, scientific analysis and proposed solutions constitute one of the great First World War sources. However, they are perhaps just as relevant to our own conflict-ridden times.","","","","","2021-05-15T00:13:42.138024Z","","NIELSEN","",""
"9781138789722","","","2021-06-02T15:49:11.247Z","","<p>This book is a second edition of <i>Interpretation of Contracts</i> (2007). </p>
<p></p>
<p>The original work examined various issues surrounding the question of how contracts should be interpreted by courts, in particular focusing on the law of contract interpretation following Lord Hoffmann's exposition of the principles of contextual interpretation in <i>Investors Compensation Scheme Ltd v</i> <i>West Bromwich</i> <i>Building Society</i> [1998] 1 WLR 896. As with the original, this new edition provides an overview of the subject, concentrating on elements of controversy and disagreement, rather than a detailed analysis of all the contract law rules and doctrines that might be regarded as interpretative in one sense or another. The book will be concerned with interpretation of contracts generally (following the rule that there are not different rules of interpretation for different kinds of contracts), but with reference to commercial contracts in particular, since this is the area in which the contextual interpretative approach was developed, and where it has most relevance. </p>
<p></p>
<p>The overall aim of the second edition remains the same as the first - to produce an accessible and readable guide to contract interpretation for law students, scholars and practitioners.</p>","","files/images/large/2/2/9781138789722.jpg","","","","","NIELSEN","<p>Table of Contents</p>
<p></p>
<p>Table of cases</p>
<p>Preface to first edition</p>
<p>Preface to second edition </p>
<p></p><b>
</b><p><b>Chapter 1 The Nature of Contract Interpretation</b></p>
<p></p>
<p><b>Introduction</b></p>
<p><b>What is interpretation?</b></p>
<p><b><i>A general theory of interpretation?</i></b></p>
<p><b><i>Interpretation and meaning</i></b></p>
<p><b><i>Context and interpretation</i></b></p>
<p><b><i>What is a contract?</i></b></p>
<p><b><i>Interpretation and contractual power</i></b></p>
<p><b><i>The range of interpretation problems</i></b></p>
<p><b><i>Why do contractual interpretation disputes exist?</i></b></p>
<p><b><i>Foundations of contract interpretation</i></b></p>
<p><b><i>Conclusion</i></b></p>
<p></p><b><i><b>
</b></i></b><p><b><i><b>Chapter 2 The Rise (and Fall?) of Contextual Interpretation</b></i></b></p>
<p></p>
<p><b><i><b>Literalism and rules in contracts interpretation</b></i></b></p>
<p><b><i><b>The contextualist shift</b></i></b></p>
<p><b><i><b><i>Lord Hoffmann's restatement</i></b></i></b></p>
<p><b><i><b><i>Implications of Lord Hoffmann's contextualism</i></b></i></b></p>
<p><b><i><b><i><i>The meaning communicated to a reasonable person</i></i></b></i></b></p>
<p><b><i><b><i><i>No need for ambiguity before examining the background</i></i></b></i></b></p>
<p><b><i><b><i><i>Mistakes can be corrected by contextual interpretation</i></i></b></i></b></p>
<p><b><i><b><i><i>The role of business common sense </i></i></b></i></b></p>
<p><b><i><b><i><i>Contextualism subsumes literalism</i></i></b></i></b></p>
<p><b><i><b><i><i>Contextual interpretation subsumes doctrine</i></i></b></i></b></p>
<p><b><i><b><i><i>Contextual interpretation in context</i></i></b></i></b></p>
<p><b><i><b><i><i><i>Accessing the 'real' agreement</i></i></i></b></i></b></p>
<p><b><i><b><i><i><i>Interdisciplinarity in law</i></i></i></b></i></b></p>
<p><b><i><b><i><i><i>Conclusion</i></i></i></b></i></b></p>
<p></p><b><i><b><i><i><i><b>
</b></i></i></i></b></i></b><p><b><i><b><i><i><i><b>Chapter 3 Divisions and Disputes in Contract Interpretation</b></i></i></i></b></i></b></p>
<p></p>
<p><b><i><b><i><i><i><b>Retreating from contextualism</b></i></i></i></b></i></b></p>
<p><b><i><b><i><i><i><b><i>Arnold v Britton </i></b></i></i></i></b></i></b></p>
<p><b><i><b><i><i><i><b><i>The role of ambiguity</i></b></i></i></i></b></i></b></p>
<p><b><i><b><i><i><i><b><i>What the words say/what the language communicates</i></b></i></i></i></b></i></b></p>
<p><b><i><b><i><i><i><b><i>Identifying the relevant context</i></b></i></i></i></b></i></b></p>
<p><b><i><b><i><i><i><b><i>Commercial reasonableness after <i>Arnold v Britton</i></i></b></i></i></i></b></i></b></p>
<p><b><i><b><i><i><i><b><i><i>Reasonable person or pedantic lawyer?</i></i></b></i></i></i></b></i></b></p>
<p><b><i><b><i><i><i><b><i><i>The limitations on the contract background</i></i></b></i></i></i></b></i></b></p>
<p><b><i><b><i><i><i><b><i><i><i>Common intentions of the parties</i></i></i></b></i></i></i></b></i></b></p>
<p><b><i><b><i><i><i><b><i><i><i>Admissibility of prior negotiations</i></i></i></b></i></i></i></b></i></b></p>
<p><b><i><b><i><i><i><b><i><i><i>Subjectivity</i></i></i></b></i></i></i></b></i></b></p>
<p><b><i><b><i><i><i><b><i><i><i>Costs</i></i></i></b></i></i></i></b></i></b></p>
<p><b><i><b><i><i><i><b><i><i><i>Helpfulness, relevance and the legal framework</i></i></i></b></i></i></i></b></i></b></p>
<p><b><i><b><i><i><i><b><i><i><i>Should the rule be reformed?</i></i></i></b></i></i></i></b></i></b></p>
<p><b><i><b><i><i><i><b><i><i><i><i>Subsequent conduct</i></i></i></i></b></i></i></i></b></i></b></p>
<p><b><i><b><i><i><i><b><i><i><i><i>The retreat from contextualism in context</i></i></i></i></b></i></i></i></b></i></b></p>
<p><b><i><b><i><i><i><b><i><i><i><i><i>Contract complexity</i></i></i></i></i></b></i></i></i></b></i></b></p>
<p><b><i><b><i><i><i><b><i><i><i><i><i>Maintaining competitive edge</i></i></i></i></i></b></i></i></i></b></i></b></p>
<p><b><i><b><i><i><i><b><i><i><i><i><i>Waning European influence</i></i></i></i></i></b></i></i></i></b></i></b></p>
<p><b><i><b><i><i><i><b><i><i><i><i><i>Conclusion</i></i></i></i></i></b></i></i></i></b></i></b></p>
<p></p><b><i><b><i><i><i><b><i><i><i><i><i><b>
</b></i></i></i></i></i></b></i></i></i></b></i></b><p><b><i><b><i><i><i><b><i><i><i><i><i><b>Chapter 4 The Scope of Contract Interpretation</b></i></i></i></i></i></b></i></i></i></b></i></b></p>
<p></p>
<p><b><i><b><i><i><i><b><i><i><i><i><i><b>Interpretation or something else?</b></i></i></i></i></i></b></i></i></i></b></i></b></p>
<p><b><i><b><i><i><i><b><i><i><i><i><i><b><i>Interpretation and implied terms</i></b></i></i></i></i></i></b></i></i></i></b></i></b></p>
<p><b><i><b><i><i><i><b><i><i><i><i><i><b><i>A-G of Belize v Belize Telecom</i></b></i></i></i></i></i></b></i></i></i></b></i></b></p>
<p><b><i><b><i><i><i><b><i><i><i><i><i><b><i>Connections and disconnections between interpretation</i></b></i></i></i></i></i></b></i></i></i></b></i></b></p>
<p><b><i><b><i><i><i><b><i><i><i><i><i><b><i>and implication</i></b></i></i></i></i></i></b></i></i></i></b></i></b></p>
<p><b><i><b><i><i><i><b><i><i><i><i><i><b><i>What turns on the division between implication and</i></b></i></i></i></i></i></b></i></i></i></b></i></b></p>
<p><b><i><b><i><i><i><b><i><i><i><i><i><b><i>interpretation?</i></b></i></i></i></i></i></b></i></i></i></b></i></b></p>
<p><b><i><b><i><i><i><b><i><i><i><i><i><b><i><i>Interpretation and construction</i></i></b></i></i></i></i></i></b></i></i></i></b></i></b></p>
<p><b><i><b><i><i><i><b><i><i><i><i><i><b><i><i>Interpretation and rectification</i></i></b></i></i></i></i></i></b></i></i></i></b></i></b></p>
<p><b><i><b><i><i><i><b><i><i><i><i><i><b><i><i>Conclusion</i></i></b></i></i></i></i></i></b></i></i></i></b></i></b></p>
<p></p><b><i><b><i><i><i><b><i><i><i><i><i><b><i><i><b>
</b></i></i></b></i></i></i></i></i></b></i></i></i></b></i></b><p><b><i><b><i><i><i><b><i><i><i><i><i><b><i><i><b>Chapter 5 Formalism and Contract Interpretation</b></i></i></b></i></i></i></i></i></b></i></i></i></b></i></b></p>
<p></p>
<p><b><i><b><i><i><i><b><i><i><i><i><i><b><i><i><b>Indications of formalism in English contract law</b></i></i></b></i></i></i></i></i></b></i></i></i></b></i></b></p>
<p><b><i><b><i><i><i><b><i><i><i><i><i><b><i><i><b><i>Form and interpretation</i></b></i></i></b></i></i></i></i></i></b></i></i></i></b></i></b></p>
<p><b><i><b><i><i><i><b><i><i><i><i><i><b><i><i><b><i>The rise of neo-formalism</i></b></i></i></b></i></i></i></i></i></b></i></i></i></b></i></b></p>
<p><b><i><b><i><i><i><b><i><i><i><i><i><b><i><i><b><i><i>Neo-formalism: empirical, theoretical or pragmatic?</i></i></b></i></i></b></i></i></i></i></i></b></i></i></i></b></i></b></p>
<p><b><i><b><i><i><i><b><i><i><i><i><i><b><i><i><b><i><i>Empirically defended formalism</i></i></b></i></i></b></i></i></i></i></i></b></i></i></i></b></i></b></p>
<p><b><i><b><i><i><i><b><i><i><i><i><i><b><i><i><b><i><i>Theoretically defended formalism</i></i></b></i></i></b></i></i></i></i></i></b></i></i></i></b></i></b></p>
<p><b><i><b><i><i><i><b><i><i><i><i><i><b><i><i><b><i><i>Pragmatically defended formalism</i></i></b></i></i></b></i></i></i></i></i></b></i></i></i></b></i></b></p>
<p><b><i><b><i><i><i><b><i><i><i><i><i><b><i><i><b><i><i>The preference for formalism and textualism</i></i></b></i></i></b></i></i></i></i></i></b></i></i></i></b></i></b></p>
<p><b><i><b><i><i><i><b><i><i><i><i><i><b><i><i><b><i><i><i>The costs of contextualism</i></i></i></b></i></i></b></i></i></i></i></i></b></i></i></i></b></i></b></p>
<p><b><i><b><i><i><i><b><i><i><i><i><i><b><i><i><b><i><i><i>Judicial error</i></i></i></b></i></i></b></i></i></i></i></i></b></i></i></i></b></i></b></p>
<p><b><i><b><i><i><i><b><i><i><i><i><i><b><i><i><b><i><i><i>Flexible norms vs legal norms</i></i></i></b></i></i></b></i></i></i></i></i></b></i></i></i></b></i></b></p>
<p><b><i><b><i><i><i><b><i><i><i><i><i><b><i><i><b><i><i><i>The existence of contextual materials</i></i></i></b></i></i></b></i></i></i></i></i></b></i></i></i></b></i></b></p>
<p><b><i><b><i><i><i><b><i><i><i><i><i><b><i><i><b><i><i><i>Conclusion</i></i></i></b></i></i></b></i></i></i></i></i></b></i></i></i></b></i></b></p>
<p></p><b><i><b><i><i><i><b><i><i><i><i><i><b><i><i><b><i><i><i><b>
</b></i></i></i></b></i></i></b></i></i></i></i></i></b></i></i></i></b></i></b><p><b><i><b><i><i><i><b><i><i><i><i><i><b><i><i><b><i><i><i><b>Chapter 6 Controlling Contract Interpretation</b></i></i></i></b></i></i></b></i></i></i></i></i></b></i></i></i></b></i></b></p>
<p></p>
<p><b><i><b><i><i><i><b><i><i><i><i><i><b><i><i><b><i><i><i><b>General considerations</b></i></i></i></b></i></i></b></i></i></i></i></i></b></i></i></i></b></i></b></p>
<p><b><i><b><i><i><i><b><i><i><i><i><i><b><i><i><b><i><i><i><b><i>Courts, not the parties, interpret contracts</i></b></i></i></i></b></i></i></b></i></i></i></i></i></b></i></i></i></b></i></b></p>
<p><b><i><b><i><i><i><b><i><i><i><i><i><b><i><i><b><i><i><i><b><i>The limits of formalism</i></b></i></i></i></b></i></i></b></i></i></i></i></i></b></i></i></i></b></i></b></p>
<p><b><i><b><i><i><i><b><i><i><i><i><i><b><i><i><b><i><i><i><b><i><i>Choosing between formalist or contextualist contracting</i></i></b></i></i></i></b></i></i></b></i></i></i></i></i></b></i></i></i></b></i></b></p>
<p><b><i><b><i><i><i><b><i><i><i><i><i><b><i><i><b><i><i><i><b><i><i>strategies</i></i></b></i></i></i></b></i></i></b></i></i></i></i></i></b></i></i></i></b></i></b></p>
<p><b><i><b><i><i><i><b><i><i><i><i><i><b><i><i><b><i><i><i><b><i><i>Formalist interpretation of contractual standards</i></i></b></i></i></i></b></i></i></b></i></i></i></i></i></b></i></i></i></b></i></b></p>
<p><b><i><b><i><i><i><b><i><i><i><i><i><b><i><i><b><i><i><i><b><i><i>Contracting for textualism</i></i></b></i></i></i></b></i></i></b></i></i></i></i></i></b></i></i></i></b></i></b></p>
<p><b><i><b><i><i><i><b><i><i><i><i><i><b><i><i><b><i><i><i><b><i><i>Entire agreement clauses (EACs)</i></i></b></i></i></i></b></i></i></b></i></i></i></i></i></b></i></i></i></b></i></b></p>
<p><b><i><b><i><i><i><b><i><i><i><i><i><b><i><i><b><i><i><i><b><i><i><i>Should an EAC influence interpretation?</i></i></i></b></i></i></i></b></i></i></b></i></i></i></i></i></b></i></i></i></b></i></b></p>
<p><b><i><b><i><i><i><b><i><i><i><i><i><b><i><i><b><i><i><i><b><i><i><i>Resurrecting the parol evidence rule</i></i></i></b></i></i></i></b></i></i></b></i></i></i></i></i></b></i></i></i></b></i></b></p>
<p><b><i><b><i><i><i><b><i><i><i><i><i><b><i><i><b><i><i><i><b><i><i><i>Identifying and interpreting obligations</i></i></i></b></i></i></i></b></i></i></b></i></i></i></i></i></b></i></i></i></b></i></b></p>
<p><b><i><b><i><i><i><b><i><i><i><i><i><b><i><i><b><i><i><i><b><i><i><i>Evading the EAC</i></i></i></b></i></i></i></b></i></i></b></i></i></i></i></i></b></i></i></i></b></i></b></p>
<p><b><i><b><i><i><i><b><i><i><i><i><i><b><i><i><b><i><i><i><b><i><i><i>The impossibility of dispensing with context</i></i></i></b></i></i></i></b></i></i></b></i></i></i></i></i></b></i></i></i></b></i></b></p>
<p><b><i><b><i><i><i><b><i><i><i><i><i><b><i><i><b><i><i><i><b><i><i><i>Conclusion</i></i></i></b></i></i></i></b></i></i></b></i></i></i></i></i></b></i></i></i></b></i></b></p>
<p><b><i><b><i><i><i><b><i><i><i><i><i><b><i><i><b><i><i><i><b><i><i><i> </i></i></i></b></i></i></i></b></i></i></b></i></i></i></i></i></b></i></i></i></b></i></b></p>
<p><b><i><b><i><i><i><b><i><i><i><i><i><b><i><i><b><i><i><i><b><i><i><i>Bibliography</i></i></i></b></i></i></i></b></i></i></b></i></i></i></i></i></b></i></i></i></b></i></b></p>
<p><b><i><b><i><i><i><b><i><i><i><i><i><b><i><i><b><i><i><i><b><i><i><i>Index</i></i></i></b></i></i></i></b></i></i></b></i></i></i></i></i></b></i></i></i></b></i></b></p>","Interpretation of Contracts"
"1776581598","","","2021-09-22T01:44:35.853127Z","","","","","","","","","NIELSEN","","No Hero"
"9780786745814","","","2021-06-06T09:00:40.011Z","","","","files/images/large/4/1/9780786745814.jpg","","","","","NIELSEN","","Major Farran's Hat: The Untold Story of the Struggle to Establish the Jewish State"
"9781136485589","","","2021-05-07T20:39:21.426993Z","2012","The <i>Routledge Encyclopedia of Second Language Acquisition<i> offers a user-friendly, authoritative survey of terms and constructs that are important to understanding research in second language acquisition (SLA) and its applications. The Encyclopedia is designed for use as a reference tool by students, researchers, teachers and professionals with an interest in SLA. The Encyclopedia has the following features:


* 252 alphabetized entries written in an accessible style, including cross references to other related entries in the Encyclopedia and suggestions for further reading   

 * Among these, 9 survey entries that cover the foundational areas of SLA in detail: Development in SLA, Discourse and Pragmatics in SLA, Individual Differences in SLA, Instructed SLA, Language and the Lexicon in SLA, Measuring and Researching SLA, Psycholingustics of SLA, Social and Sociocultural Approaches to SLA, Theoretical Constructs in SLA. 

* The rest of the entries cover all the major subdisciplines, methodologies and concepts of SLA, from ""Accommodation"" to the ""ZISA project."" 

Written by an international team of specialists, the Routledge Encyclopedia of Second Language Acquisition is an invaluable resource for students and researchers with an academic interest in SLA.
</i></i>","","files/images/large/9/8/9781136485589.jpg","","","2021-06-03T11:13:58.705071Z","","NIELSEN","<b>Editor's Preface  How to use this Encyclopedia  Introduction: Second Language Acquisition (SLA)-The scope and methods of inquiry  Entries A - Z<b></b></b>","The Routledge Encyclopedia of Second Language Acquisition"
"9781783983414","","","2021-05-09T09:47:58.957413Z","20141121","If you are a web developer who wants to learn more about developing applications in Flask and scale them with industry-standard practices, this is the book for you. This book will also act as a handy tool if you are aware of Flask`s major extensions and want to make the best use of them. It is assumed that you have knowledge of Python and a basic understanding of Flask. If you are completely new to Flask, reading the book from the first chapter and going forward will help in getting acquainted with Flask as you go ahead.","","files/images/large/4/1/9781783983414.jpg","","files/images/small/4/1/9781783983414.jpg","2021-05-16T13:17:52.607096Z","","NIELSEN","","Flask Framework Cookbook"